,country,Code,Year,percentage
0,Afghanistan,AFG,1970,1.08
1,Afghanistan,AFG,1975,1.48
2,Afghanistan,AFG,1980,1.96
3,Afghanistan,AFG,1985,2.49
4,Afghanistan,AFG,1990,2.91
5,Afghanistan,AFG,1995,3.28
6,Afghanistan,AFG,2000,3.5
7,Afghanistan,AFG,2005,3.61
8,Afghanistan,AFG,2010,3.65
9,Albania,ALB,1970,1.67
10,Albania,ALB,1975,1.93
11,Albania,ALB,1980,2.12
12,Albania,ALB,1985,2.66
13,Albania,ALB,1990,3.0
14,Albania,ALB,1995,3.17
15,Albania,ALB,2000,3.51
16,Albania,ALB,2005,2.35
17,Albania,ALB,2010,0.93
18,Algeria,DZA,1970,0.18
19,Algeria,DZA,1975,0.38
20,Algeria,DZA,1980,0.77
21,Algeria,DZA,1985,1.34
22,Algeria,DZA,1990,1.97
23,Algeria,DZA,1995,2.53
24,Algeria,DZA,2000,3.4
25,Algeria,DZA,2005,3.78
26,Algeria,DZA,2010,6.66
27,Argentina,ARG,1970,2.52
28,Argentina,ARG,1975,3.64
29,Argentina,ARG,1980,3.43
30,Argentina,ARG,1985,4.99
31,Argentina,ARG,1990,5.77
32,Argentina,ARG,1995,4.32
33,Argentina,ARG,2000,3.1
34,Argentina,ARG,2005,3.09
35,Argentina,ARG,2010,2.87
36,Armenia,ARM,1970,6.71
37,Armenia,ARM,1975,7.22
38,Armenia,ARM,1980,7.78
39,Armenia,ARM,1985,9.32
40,Armenia,ARM,1990,10.04
41,Armenia,ARM,1995,10.47
42,Armenia,ARM,2000,10.08
43,Armenia,ARM,2005,11.51
44,Armenia,ARM,2010,15.03
45,Australia,AUS,1970,10.76
46,Australia,AUS,1975,11.6
47,Australia,AUS,1980,13.05
48,Australia,AUS,1985,13.21
49,Australia,AUS,1990,13.9
50,Australia,AUS,1995,15.87
51,Australia,AUS,2000,13.15
52,Australia,AUS,2005,15.63
53,Australia,AUS,2010,18.52
54,Austria,AUT,1970,1.45
55,Austria,AUT,1975,1.62
56,Austria,AUT,1980,1.55
57,Austria,AUT,1985,2.47
58,Austria,AUT,1990,2.97
59,Austria,AUT,1995,5.21
60,Austria,AUT,2000,7.06
61,Austria,AUT,2005,8.27
62,Austria,AUT,2010,9.37
63,Bahrain,BHR,1970,2.06
64,Bahrain,BHR,1975,2.45
65,Bahrain,BHR,1980,3.39
66,Bahrain,BHR,1985,6.28
67,Bahrain,BHR,1990,8.53
68,Bahrain,BHR,1995,9.17
69,Bahrain,BHR,2000,9.08
70,Bahrain,BHR,2005,8.8
71,Bahrain,BHR,2010,7.76
72,Bangladesh,BGD,1970,0.39
73,Bangladesh,BGD,1975,0.42
74,Bangladesh,BGD,1980,0.54
75,Bangladesh,BGD,1985,1.08
76,Bangladesh,BGD,1990,1.44
77,Bangladesh,BGD,1995,1.97
78,Bangladesh,BGD,2000,1.98
79,Bangladesh,BGD,2005,2.11
80,Bangladesh,BGD,2010,2.28
81,Barbados,BRB,1970,0.57
82,Barbados,BRB,1975,1.37
83,Barbados,BRB,1980,2.16
84,Barbados,BRB,1985,2.46
85,Barbados,BRB,1990,2.07
86,Barbados,BRB,1995,1.56
87,Barbados,BRB,2000,0.66
88,Barbados,BRB,2005,1.53
89,Barbados,BRB,2010,2.07
90,Belgium,BEL,1970,5.11
91,Belgium,BEL,1975,7.41
92,Belgium,BEL,1980,9.04
93,Belgium,BEL,1985,11.2
94,Belgium,BEL,1990,12.98
95,Belgium,BEL,1995,14.51
96,Belgium,BEL,2000,14.95
97,Belgium,BEL,2005,15.82
98,Belgium,BEL,2010,17.69
99,Belize,BLZ,1970,0.55
100,Belize,BLZ,1975,0.7
101,Belize,BLZ,1980,0.78
102,Belize,BLZ,1985,2.16
103,Belize,BLZ,1990,3.4
104,Belize,BLZ,1995,3.43
105,Belize,BLZ,2000,3.33
106,Belize,BLZ,2005,3.2
107,Belize,BLZ,2010,3.18
108,Benin,BEN,1970,0.13
109,Benin,BEN,1975,0.13
110,Benin,BEN,1980,0.14
111,Benin,BEN,1985,0.41
112,Benin,BEN,1990,0.52
113,Benin,BEN,1995,0.81
114,Benin,BEN,2000,1.01
115,Benin,BEN,2005,1.36
116,Benin,BEN,2010,2.01
117,Bolivia,BOL,1970,1.87
118,Bolivia,BOL,1975,2.24
119,Bolivia,BOL,1980,2.82
120,Bolivia,BOL,1985,3.33
121,Bolivia,BOL,1990,3.83
122,Bolivia,BOL,1995,4.67
123,Bolivia,BOL,2000,5.27
124,Bolivia,BOL,2005,7.25
125,Bolivia,BOL,2010,8.43
126,Botswana,BWA,1970,0.28
127,Botswana,BWA,1975,0.25
128,Botswana,BWA,1980,0.19
129,Botswana,BWA,1985,1.09
130,Botswana,BWA,1990,1.52
131,Botswana,BWA,1995,1.9
132,Botswana,BWA,2000,1.73
133,Botswana,BWA,2005,1.79
134,Botswana,BWA,2010,2.02
135,Brazil,BRA,1970,1.24
136,Brazil,BRA,1975,2.3
137,Brazil,BRA,1980,2.79
138,Brazil,BRA,1985,2.72
139,Brazil,BRA,1990,3.03
140,Brazil,BRA,1995,3.72
141,Brazil,BRA,2000,3.7
142,Brazil,BRA,2005,3.73
143,Brazil,BRA,2010,5.63
144,Brunei,BRN,1970,1.24
145,Brunei,BRN,1975,2.86
146,Brunei,BRN,1980,3.65
147,Brunei,BRN,1985,3.74
148,Brunei,BRN,1990,3.71
149,Brunei,BRN,1995,3.91
150,Brunei,BRN,2000,4.76
151,Brunei,BRN,2005,5.65
152,Brunei,BRN,2010,6.51
153,Bulgaria,BGR,1970,4.94
154,Bulgaria,BGR,1975,6.25
155,Bulgaria,BGR,1980,7.25
156,Bulgaria,BGR,1985,8.43
157,Bulgaria,BGR,1990,8.11
158,Bulgaria,BGR,1995,9.25
159,Bulgaria,BGR,2000,9.79
160,Bulgaria,BGR,2005,11.76
161,Bulgaria,BGR,2010,13.07
162,Burundi,BDI,1970,0.11
163,Burundi,BDI,1975,0.14
164,Burundi,BDI,1980,0.19
165,Burundi,BDI,1985,0.25
166,Burundi,BDI,1990,0.24
167,Burundi,BDI,1995,0.24
168,Burundi,BDI,2000,0.24
169,Burundi,BDI,2005,0.34
170,Burundi,BDI,2010,0.54
171,Cambodia,KHM,1970,0.07
172,Cambodia,KHM,1975,0.11
173,Cambodia,KHM,1980,0.13
174,Cambodia,KHM,1985,0.15
175,Cambodia,KHM,1990,0.19
176,Cambodia,KHM,1995,0.24
177,Cambodia,KHM,2000,0.23
178,Cambodia,KHM,2005,0.79
179,Cambodia,KHM,2010,1.32
180,Cameroon,CMR,1970,0.13
181,Cameroon,CMR,1975,0.15
182,Cameroon,CMR,1980,0.18
183,Cameroon,CMR,1985,0.28
184,Cameroon,CMR,1990,0.45
185,Cameroon,CMR,1995,0.64
186,Cameroon,CMR,2000,0.8
187,Cameroon,CMR,2005,1.15
188,Cameroon,CMR,2010,1.64
189,Canada,CAN,1970,9.66
190,Canada,CAN,1975,12.73
191,Canada,CAN,1980,14.93
192,Canada,CAN,1985,8.14
193,Canada,CAN,1990,9.93
194,Canada,CAN,1995,11.54
195,Canada,CAN,2000,13.89
196,Canada,CAN,2005,20.47
197,Canada,CAN,2010,22.67
198,Central African Rep.,CAF,1970,0.09
199,Central African Rep.,CAF,1975,0.09
200,Central African Rep.,CAF,1980,0.36
201,Central African Rep.,CAF,1985,0.68
202,Central African Rep.,CAF,1990,0.87
203,Central African Rep.,CAF,1995,0.81
204,Central African Rep.,CAF,2000,0.83
205,Central African Rep.,CAF,2005,0.82
206,Central African Rep.,CAF,2010,0.83
207,Chile,CHL,1970,2.65
208,Chile,CHL,1975,2.73
209,Chile,CHL,1980,2.68
210,Chile,CHL,1985,4.44
211,Chile,CHL,1990,6.23
212,Chile,CHL,1995,7.54
213,Chile,CHL,2000,8.33
214,Chile,CHL,2005,7.43
215,Chile,CHL,2010,5.92
216,China,CHN,1970,0.45
217,China,CHN,1975,0.46
218,China,CHN,1980,0.48
219,China,CHN,1985,0.82
220,China,CHN,1990,1.08
221,China,CHN,1995,1.97
222,China,CHN,2000,2.75
223,China,CHN,2005,2.73
224,China,CHN,2010,2.71
225,Colombia,COL,1970,1.86
226,Colombia,COL,1975,2.33
227,Colombia,COL,1980,4.07
228,Colombia,COL,1985,5.54
229,Colombia,COL,1990,7.37
230,Colombia,COL,1995,8.61
231,Colombia,COL,2000,8.66
232,Colombia,COL,2005,6.6
233,Colombia,COL,2010,18.55
234,Congo,COG,1970,0.38
235,Congo,COG,1975,0.78
236,Congo,COG,1980,1.09
237,Congo,COG,1985,1.09
238,Congo,COG,1990,1.1
239,Congo,COG,1995,1.14
240,Congo,COG,2000,0.96
241,Congo,COG,2005,0.79
242,Congo,COG,2010,0.64
243,Costa Rica,CRI,1970,1.75
244,Costa Rica,CRI,1975,3.62
245,Costa Rica,CRI,1980,5.5
246,Costa Rica,CRI,1985,7.39
247,Costa Rica,CRI,1990,9.71
248,Costa Rica,CRI,1995,11.94
249,Costa Rica,CRI,2000,12.39
250,Costa Rica,CRI,2005,12.56
251,Costa Rica,CRI,2010,14.69
252,Côte d'Ivoire,CIV,1970,0.55
253,Côte d'Ivoire,CIV,1975,0.71
254,Côte d'Ivoire,CIV,1980,0.83
255,Côte d'Ivoire,CIV,1985,0.98
256,Côte d'Ivoire,CIV,1990,0.85
257,Côte d'Ivoire,CIV,1995,1.63
258,Côte d'Ivoire,CIV,2000,2.08
259,Côte d'Ivoire,CIV,2005,2.11
260,Côte d'Ivoire,CIV,2010,2.13
261,Croatia,HRV,1970,2.19
262,Croatia,HRV,1975,2.57
263,Croatia,HRV,1980,2.92
264,Croatia,HRV,1985,3.42
265,Croatia,HRV,1990,3.3
266,Croatia,HRV,1995,4.53
267,Croatia,HRV,2000,6.29
268,Croatia,HRV,2005,8.73
269,Croatia,HRV,2010,11.04
270,Cuba,CUB,1970,1.85
271,Cuba,CUB,1975,2.42
272,Cuba,CUB,1980,3.51
273,Cuba,CUB,1985,3.64
274,Cuba,CUB,1990,4.4
275,Cuba,CUB,1995,5.28
276,Cuba,CUB,2000,5.59
277,Cuba,CUB,2005,8.32
278,Cuba,CUB,2010,13.32
279,Cyprus,CYP,1970,1.99
280,Cyprus,CYP,1975,3.38
281,Cyprus,CYP,1980,5.79
282,Cyprus,CYP,1985,8.7
283,Cyprus,CYP,1990,11.57
284,Cyprus,CYP,1995,14.6
285,Cyprus,CYP,2000,15.89
286,Cyprus,CYP,2005,14.51
287,Cyprus,CYP,2010,20.75
288,Czechia,CZE,1970,1.73
289,Czechia,CZE,1975,2.48
290,Czechia,CZE,1980,2.71
291,Czechia,CZE,1985,4.84
292,Czechia,CZE,1990,5.94
293,Czechia,CZE,1995,5.47
294,Czechia,CZE,2000,5.11
295,Czechia,CZE,2005,5.38
296,Czechia,CZE,2010,7.59
297,Dem. Rep. Congo,COD,1970,0.1
298,Dem. Rep. Congo,COD,1975,0.2
299,Dem. Rep. Congo,COD,1980,0.26
300,Dem. Rep. Congo,COD,1985,0.37
301,Dem. Rep. Congo,COD,1990,0.51
302,Dem. Rep. Congo,COD,1995,0.65
303,Dem. Rep. Congo,COD,2000,0.59
304,Dem. Rep. Congo,COD,2005,0.5
305,Dem. Rep. Congo,COD,2010,0.46
306,Denmark,DNK,1970,6.01
307,Denmark,DNK,1975,6.58
308,Denmark,DNK,1980,7.46
309,Denmark,DNK,1985,9.33
310,Denmark,DNK,1990,8.48
311,Denmark,DNK,1995,10.37
312,Denmark,DNK,2000,12.31
313,Denmark,DNK,2005,14.53
314,Denmark,DNK,2010,14.98
315,Dominican Republic,DOM,1970,0.46
316,Dominican Republic,DOM,1975,0.72
317,Dominican Republic,DOM,1980,1.09
318,Dominican Republic,DOM,1985,1.53
319,Dominican Republic,DOM,1990,2.01
320,Dominican Republic,DOM,1995,2.38
321,Dominican Republic,DOM,2000,2.78
322,Dominican Republic,DOM,2005,2.55
323,Dominican Republic,DOM,2010,2.06
324,Ecuador,ECU,1970,1.09
325,Ecuador,ECU,1975,1.33
326,Ecuador,ECU,1980,3.55
327,Ecuador,ECU,1985,4.56
328,Ecuador,ECU,1990,5.83
329,Ecuador,ECU,1995,6.23
330,Ecuador,ECU,2000,6.98
331,Ecuador,ECU,2005,6.16
332,Ecuador,ECU,2010,5.19
333,Egypt,EGY,1970,1.36
334,Egypt,EGY,1975,1.3
335,Egypt,EGY,1980,1.86
336,Egypt,EGY,1985,1.99
337,Egypt,EGY,1990,1.87
338,Egypt,EGY,1995,2.18
339,Egypt,EGY,2000,4.19
340,Egypt,EGY,2005,5.29
341,Egypt,EGY,2010,6.65
342,El Salvador,SLV,1970,1.16
343,El Salvador,SLV,1975,2.34
344,El Salvador,SLV,1980,2.85
345,El Salvador,SLV,1985,4.83
346,El Salvador,SLV,1990,4.4
347,El Salvador,SLV,1995,5.65
348,El Salvador,SLV,2000,6.54
349,El Salvador,SLV,2005,6.39
350,El Salvador,SLV,2010,3.92
351,Estonia,EST,1970,4.7
352,Estonia,EST,1975,5.41
353,Estonia,EST,1980,6.17
354,Estonia,EST,1985,7.09
355,Estonia,EST,1990,7.13
356,Estonia,EST,1995,11.41
357,Estonia,EST,2000,15.0
358,Estonia,EST,2005,16.58
359,Estonia,EST,2010,18.87
360,eSwatini,SWZ,1970,0.66
361,eSwatini,SWZ,1975,1.1
362,eSwatini,SWZ,1980,1.63
363,eSwatini,SWZ,1985,2.09
364,eSwatini,SWZ,1990,1.62
365,eSwatini,SWZ,1995,1.35
366,eSwatini,SWZ,2000,0.94
367,eSwatini,SWZ,2005,0.02
368,eSwatini,SWZ,2010,1.64
369,Fiji,FJI,1970,1.36
370,Fiji,FJI,1975,1.42
371,Fiji,FJI,1980,1.77
372,Fiji,FJI,1985,2.15
373,Fiji,FJI,1990,3.65
374,Fiji,FJI,1995,4.82
375,Fiji,FJI,2000,5.75
376,Fiji,FJI,2005,6.37
377,Fiji,FJI,2010,7.03
378,Finland,FIN,1970,3.17
379,Finland,FIN,1975,4.34
380,Finland,FIN,1980,6.37
381,Finland,FIN,1985,5.66
382,Finland,FIN,1990,5.67
383,Finland,FIN,1995,9.49
384,Finland,FIN,2000,10.88
385,Finland,FIN,2005,11.7
386,Finland,FIN,2010,12.35
387,France,FRA,1970,1.46
388,France,FRA,1975,3.89
389,France,FRA,1980,3.74
390,France,FRA,1985,4.86
391,France,FRA,1990,5.81
392,France,FRA,1995,7.2
393,France,FRA,2000,8.44
394,France,FRA,2005,8.71
395,France,FRA,2010,10.6
396,Gabon,GAB,1970,0.9
397,Gabon,GAB,1975,1.66
398,Gabon,GAB,1980,2.39
399,Gabon,GAB,1985,3.5
400,Gabon,GAB,1990,4.1
401,Gabon,GAB,1995,5.06
402,Gabon,GAB,2000,5.54
403,Gabon,GAB,2005,5.73
404,Gabon,GAB,2010,6.3
405,Gambia,GMB,1970,0.1
406,Gambia,GMB,1975,0.09
407,Gambia,GMB,1980,0.27
408,Gambia,GMB,1985,0.5
409,Gambia,GMB,1990,0.77
410,Gambia,GMB,1995,1.01
411,Gambia,GMB,2000,1.02
412,Gambia,GMB,2005,0.94
413,Gambia,GMB,2010,0.91
414,Germany,DEU,1970,1.59
415,Germany,DEU,1975,2.74
416,Germany,DEU,1980,3.28
417,Germany,DEU,1985,3.67
418,Germany,DEU,1990,7.56
419,Germany,DEU,1995,9.32
420,Germany,DEU,2000,10.48
421,Germany,DEU,2005,10.89
422,Germany,DEU,2010,13.14
423,Ghana,GHA,1970,0.17
424,Ghana,GHA,1975,0.38
425,Ghana,GHA,1980,0.57
426,Ghana,GHA,1985,0.88
427,Ghana,GHA,1990,1.14
428,Ghana,GHA,1995,1.39
429,Ghana,GHA,2000,1.84
430,Ghana,GHA,2005,1.66
431,Ghana,GHA,2010,1.44
432,Greece,GRC,1970,3.73
433,Greece,GRC,1975,5.26
434,Greece,GRC,1980,5.87
435,Greece,GRC,1985,8.74
436,Greece,GRC,1990,11.33
437,Greece,GRC,1995,12.76
438,Greece,GRC,2000,12.22
439,Greece,GRC,2005,19.3
440,Greece,GRC,2010,22.5
441,Guatemala,GTM,1970,0.57
442,Guatemala,GTM,1975,0.73
443,Guatemala,GTM,1980,1.41
444,Guatemala,GTM,1985,1.37
445,Guatemala,GTM,1990,1.53
446,Guatemala,GTM,1995,1.69
447,Guatemala,GTM,2000,1.74
448,Guatemala,GTM,2005,1.54
449,Guatemala,GTM,2010,0.0
450,Guyana,GUY,1970,0.37
451,Guyana,GUY,1975,0.63
452,Guyana,GUY,1980,0.77
453,Guyana,GUY,1985,0.78
454,Guyana,GUY,1990,0.66
455,Guyana,GUY,1995,0.47
456,Guyana,GUY,2000,0.06
457,Guyana,GUY,2005,0.15
458,Guyana,GUY,2010,0.24
459,Haiti,HTI,1970,0.22
460,Haiti,HTI,1975,0.28
461,Haiti,HTI,1980,0.45
462,Haiti,HTI,1985,0.4
463,Haiti,HTI,1990,0.47
464,Haiti,HTI,1995,0.51
465,Haiti,HTI,2000,0.55
466,Haiti,HTI,2005,0.6
467,Haiti,HTI,2010,0.67
468,Honduras,HND,1970,0.4
469,Honduras,HND,1975,0.44
470,Honduras,HND,1980,1.08
471,Honduras,HND,1985,1.55
472,Honduras,HND,1990,1.75
473,Honduras,HND,1995,1.97
474,Honduras,HND,2000,2.39
475,Honduras,HND,2005,2.46
476,Honduras,HND,2010,1.93
477,Hong Kong,HKG,1970,1.36
478,Hong Kong,HKG,1975,1.63
479,Hong Kong,HKG,1980,3.33
480,Hong Kong,HKG,1985,4.11
481,Hong Kong,HKG,1990,7.32
482,Hong Kong,HKG,1995,9.26
483,Hong Kong,HKG,2000,10.28
484,Hong Kong,HKG,2005,19.38
485,Hong Kong,HKG,2010,15.22
486,Hungary,HUN,1970,4.02
487,Hungary,HUN,1975,5.13
488,Hungary,HUN,1980,6.5
489,Hungary,HUN,1985,7.27
490,Hungary,HUN,1990,7.48
491,Hungary,HUN,1995,8.52
492,Hungary,HUN,2000,9.36
493,Hungary,HUN,2005,12.57
494,Hungary,HUN,2010,15.38
495,Iceland,ISL,1970,2.72
496,Iceland,ISL,1975,3.53
497,Iceland,ISL,1980,4.62
498,Iceland,ISL,1985,5.7
499,Iceland,ISL,1990,6.94
500,Iceland,ISL,1995,8.54
501,Iceland,ISL,2000,10.71
502,Iceland,ISL,2005,14.08
503,Iceland,ISL,2010,17.89
504,India,IND,1970,0.62
505,India,IND,1975,0.95
506,India,IND,1980,1.22
507,India,IND,1985,1.74
508,India,IND,1990,2.23
509,India,IND,1995,3.36
510,India,IND,2000,4.01
511,India,IND,2005,4.38
512,India,IND,2010,4.85
513,Indonesia,IDN,1970,0.17
514,Indonesia,IDN,1975,0.24
515,Indonesia,IDN,1980,0.25
516,Indonesia,IDN,1985,0.81
517,Indonesia,IDN,1990,0.98
518,Indonesia,IDN,1995,1.15
519,Indonesia,IDN,2000,1.21
520,Indonesia,IDN,2005,2.67
521,Indonesia,IDN,2010,3.73
522,Iran,IRN,1970,0.94
523,Iran,IRN,1975,1.53
524,Iran,IRN,1980,1.9
525,Iran,IRN,1985,2.55
526,Iran,IRN,1990,4.13
527,Iran,IRN,1995,6.36
528,Iran,IRN,2000,8.0
529,Iran,IRN,2005,9.74
530,Iran,IRN,2010,14.66
531,Iraq,IRQ,1970,1.11
532,Iraq,IRQ,1975,1.68
533,Iraq,IRQ,1980,2.15
534,Iraq,IRQ,1985,2.98
535,Iraq,IRQ,1990,3.8
536,Iraq,IRQ,1995,4.16
537,Iraq,IRQ,2000,5.34
538,Iraq,IRQ,2005,6.75
539,Iraq,IRQ,2010,8.77
540,Ireland,IRL,1970,3.23
541,Ireland,IRL,1975,4.42
542,Ireland,IRL,1980,6.02
543,Ireland,IRL,1985,8.33
544,Ireland,IRL,1990,10.61
545,Ireland,IRL,1995,14.07
546,Ireland,IRL,2000,16.37
547,Ireland,IRL,2005,20.47
548,Ireland,IRL,2010,26.8
549,Israel,ISR,1970,6.75
550,Israel,ISR,1975,9.62
551,Israel,ISR,1980,10.95
552,Israel,ISR,1985,12.77
553,Israel,ISR,1990,14.2
554,Israel,ISR,1995,16.27
555,Israel,ISR,2000,18.34
556,Israel,ISR,2005,18.8
557,Israel,ISR,2010,20.26
558,Italy,ITA,1970,1.25
559,Italy,ITA,1975,1.86
560,Italy,ITA,1980,1.92
561,Italy,ITA,1985,2.59
562,Italy,ITA,1990,3.53
563,Italy,ITA,1995,4.5
564,Italy,ITA,2000,4.99
565,Italy,ITA,2005,5.6
566,Italy,ITA,2010,6.84
567,Jamaica,JAM,1970,0.55
568,Jamaica,JAM,1975,0.73
569,Jamaica,JAM,1980,0.75
570,Jamaica,JAM,1985,1.2
571,Jamaica,JAM,1990,1.73
572,Jamaica,JAM,1995,4.4
573,Jamaica,JAM,2000,7.09
574,Jamaica,JAM,2005,7.7
575,Jamaica,JAM,2010,8.37
576,Japan,JPN,1970,3.55
577,Japan,JPN,1975,5.66
578,Japan,JPN,1980,5.04
579,Japan,JPN,1985,10.76
580,Japan,JPN,1990,12.48
581,Japan,JPN,1995,14.28
582,Japan,JPN,2000,16.15
583,Japan,JPN,2005,17.88
584,Japan,JPN,2010,18.91
585,Jordan,JOR,1970,1.76
586,Jordan,JOR,1975,2.73
587,Jordan,JOR,1980,2.91
588,Jordan,JOR,1985,3.81
589,Jordan,JOR,1990,3.48
590,Jordan,JOR,1995,3.62
591,Jordan,JOR,2000,3.74
592,Jordan,JOR,2005,3.98
593,Jordan,JOR,2010,3.8
594,Kazakhstan,KAZ,1970,3.94
595,Kazakhstan,KAZ,1975,4.47
596,Kazakhstan,KAZ,1980,4.99
597,Kazakhstan,KAZ,1985,5.92
598,Kazakhstan,KAZ,1990,5.84
599,Kazakhstan,KAZ,1995,7.3
600,Kazakhstan,KAZ,2000,8.42
601,Kazakhstan,KAZ,2005,13.48
602,Kazakhstan,KAZ,2010,14.03
603,Kenya,KEN,1970,0.21
604,Kenya,KEN,1975,0.42
605,Kenya,KEN,1980,0.65
606,Kenya,KEN,1985,0.95
607,Kenya,KEN,1990,1.29
608,Kenya,KEN,1995,1.74
609,Kenya,KEN,2000,2.26
610,Kenya,KEN,2005,2.84
611,Kenya,KEN,2010,3.4
612,Kuwait,KWT,1970,1.82
613,Kuwait,KWT,1975,2.54
614,Kuwait,KWT,1980,3.96
615,Kuwait,KWT,1985,6.1
616,Kuwait,KWT,1990,6.1
617,Kuwait,KWT,1995,6.3
618,Kuwait,KWT,2000,5.39
619,Kuwait,KWT,2005,4.18
620,Kuwait,KWT,2010,4.28
621,Kyrgyzstan,KGZ,1970,4.42
622,Kyrgyzstan,KGZ,1975,4.93
623,Kyrgyzstan,KGZ,1980,5.47
624,Kyrgyzstan,KGZ,1985,6.54
625,Kyrgyzstan,KGZ,1990,6.63
626,Kyrgyzstan,KGZ,1995,6.61
627,Kyrgyzstan,KGZ,2000,6.81
628,Kyrgyzstan,KGZ,2005,7.56
629,Kyrgyzstan,KGZ,2010,9.0
630,Laos,LAO,1970,0.58
631,Laos,LAO,1975,0.83
632,Laos,LAO,1980,1.15
633,Laos,LAO,1985,1.51
634,Laos,LAO,1990,1.9
635,Laos,LAO,1995,1.8
636,Laos,LAO,2000,2.0
637,Laos,LAO,2005,2.51
638,Laos,LAO,2010,3.3
639,Latvia,LVA,1970,4.8
640,Latvia,LVA,1975,5.41
641,Latvia,LVA,1980,6.05
642,Latvia,LVA,1985,7.2
643,Latvia,LVA,1990,7.01
644,Latvia,LVA,1995,8.36
645,Latvia,LVA,2000,7.73
646,Latvia,LVA,2005,9.76
647,Latvia,LVA,2010,12.42
648,Lesotho,LSO,1970,0.05
649,Lesotho,LSO,1975,0.05
650,Lesotho,LSO,1980,0.19
651,Lesotho,LSO,1985,0.29
652,Lesotho,LSO,1990,0.39
653,Lesotho,LSO,1995,0.54
654,Lesotho,LSO,2000,0.62
655,Lesotho,LSO,2005,0.64
656,Lesotho,LSO,2010,0.76
657,Liberia,LBR,1970,0.66
658,Liberia,LBR,1975,0.87
659,Liberia,LBR,1980,0.93
660,Liberia,LBR,1985,1.14
661,Liberia,LBR,1990,1.44
662,Liberia,LBR,1995,1.69
663,Liberia,LBR,2000,2.35
664,Liberia,LBR,2005,2.41
665,Liberia,LBR,2010,1.9
666,Libya,LBY,1970,0.35
667,Libya,LBY,1975,0.46
668,Libya,LBY,1980,1.06
669,Libya,LBY,1985,1.31
670,Libya,LBY,1990,1.75
671,Libya,LBY,1995,2.26
672,Libya,LBY,2000,6.18
673,Libya,LBY,2005,8.27
674,Libya,LBY,2010,11.89
675,Lithuania,LTU,1970,3.88
676,Lithuania,LTU,1975,4.56
677,Lithuania,LTU,1980,5.39
678,Lithuania,LTU,1985,6.67
679,Lithuania,LTU,1990,6.41
680,Lithuania,LTU,1995,7.75
681,Lithuania,LTU,2000,8.58
682,Lithuania,LTU,2005,13.51
683,Lithuania,LTU,2010,15.6
684,Luxembourg,LUX,1970,3.34
685,Luxembourg,LUX,1975,4.66
686,Luxembourg,LUX,1980,5.34
687,Luxembourg,LUX,1985,5.96
688,Luxembourg,LUX,1990,7.03
689,Luxembourg,LUX,1995,8.3
690,Luxembourg,LUX,2000,9.35
691,Luxembourg,LUX,2005,13.29
692,Luxembourg,LUX,2010,18.54
693,Macao,MAC,1970,0.71
694,Macao,MAC,1975,1.32
695,Macao,MAC,1980,1.93
696,Macao,MAC,1985,2.71
697,Macao,MAC,1990,3.3
698,Macao,MAC,1995,4.98
699,Macao,MAC,2000,5.61
700,Macao,MAC,2005,6.9
701,Macao,MAC,2010,10.43
702,Malawi,MWI,1970,0.1
703,Malawi,MWI,1975,0.15
704,Malawi,MWI,1980,0.16
705,Malawi,MWI,1985,0.25
706,Malawi,MWI,1990,0.23
707,Malawi,MWI,1995,0.25
708,Malawi,MWI,2000,0.21
709,Malawi,MWI,2005,0.18
710,Malawi,MWI,2010,0.15
711,Malaysia,MYS,1970,0.61
712,Malaysia,MYS,1975,0.66
713,Malaysia,MYS,1980,0.87
714,Malaysia,MYS,1985,1.98
715,Malaysia,MYS,1990,2.32
716,Malaysia,MYS,1995,2.89
717,Malaysia,MYS,2000,3.18
718,Malaysia,MYS,2005,4.45
719,Malaysia,MYS,2010,5.81
720,Maldives,MDV,1970,0.11
721,Maldives,MDV,1975,0.11
722,Maldives,MDV,1980,0.18
723,Maldives,MDV,1985,0.23
724,Maldives,MDV,1990,0.26
725,Maldives,MDV,1995,0.25
726,Maldives,MDV,2000,0.16
727,Maldives,MDV,2005,0.26
728,Maldives,MDV,2010,0.25
729,Mali,MLI,1970,0.1
730,Mali,MLI,1975,0.14
731,Mali,MLI,1980,0.16
732,Mali,MLI,1985,0.23
733,Mali,MLI,1990,0.27
734,Mali,MLI,1995,0.33
735,Mali,MLI,2000,0.5
736,Mali,MLI,2005,0.68
737,Mali,MLI,2010,0.78
738,Malta,MLT,1970,2.62
739,Malta,MLT,1975,3.31
740,Malta,MLT,1980,3.81
741,Malta,MLT,1985,4.4
742,Malta,MLT,1990,5.39
743,Malta,MLT,1995,6.5
744,Malta,MLT,2000,7.4
745,Malta,MLT,2005,7.58
746,Malta,MLT,2010,10.52
747,Mauritania,MRT,1970,0.23
748,Mauritania,MRT,1975,0.3
749,Mauritania,MRT,1980,0.43
750,Mauritania,MRT,1985,0.57
751,Mauritania,MRT,1990,0.64
752,Mauritania,MRT,1995,0.93
753,Mauritania,MRT,2000,1.17
754,Mauritania,MRT,2005,1.11
755,Mauritania,MRT,2010,0.97
756,Mauritius,MUS,1970,0.36
757,Mauritius,MUS,1975,0.51
758,Mauritius,MUS,1980,0.77
759,Mauritius,MUS,1985,1.11
760,Mauritius,MUS,1990,0.63
761,Mauritius,MUS,1995,0.83
762,Mauritius,MUS,2000,0.89
763,Mauritius,MUS,2005,1.6
764,Mauritius,MUS,2010,1.88
765,Mexico,MEX,1970,1.55
766,Mexico,MEX,1975,2.41
767,Mexico,MEX,1980,3.36
768,Mexico,MEX,1985,3.58
769,Mexico,MEX,1990,3.87
770,Mexico,MEX,1995,5.12
771,Mexico,MEX,2000,6.84
772,Mexico,MEX,2005,8.41
773,Mexico,MEX,2010,9.81
774,Moldova,MDA,1970,3.57
775,Moldova,MDA,1975,4.19
776,Moldova,MDA,1980,4.78
777,Moldova,MDA,1985,5.67
778,Moldova,MDA,1990,5.94
779,Moldova,MDA,1995,6.17
780,Moldova,MDA,2000,6.68
781,Moldova,MDA,2005,6.57
782,Moldova,MDA,2010,8.76
783,Mongolia,MNG,1970,4.83
784,Mongolia,MNG,1975,7.97
785,Mongolia,MNG,1980,8.63
786,Mongolia,MNG,1985,9.02
787,Mongolia,MNG,1990,8.08
788,Mongolia,MNG,1995,9.2
789,Mongolia,MNG,2000,8.16
790,Mongolia,MNG,2005,15.61
791,Mongolia,MNG,2010,19.66
792,Morocco,MAR,1970,0.17
793,Morocco,MAR,1975,0.59
794,Morocco,MAR,1980,0.7
795,Morocco,MAR,1985,2.21
796,Morocco,MAR,1990,2.98
797,Morocco,MAR,1995,3.69
798,Morocco,MAR,2000,4.07
799,Morocco,MAR,2005,4.67
800,Morocco,MAR,2010,5.35
801,Mozambique,MOZ,1970,0.05
802,Mozambique,MOZ,1975,0.03
803,Mozambique,MOZ,1980,0.02
804,Mozambique,MOZ,1985,0.07
805,Mozambique,MOZ,1990,0.13
806,Mozambique,MOZ,1995,0.14
807,Mozambique,MOZ,2000,0.2
808,Mozambique,MOZ,2005,0.23
809,Mozambique,MOZ,2010,0.26
810,Myanmar,MMR,1970,0.18
811,Myanmar,MMR,1975,0.09
812,Myanmar,MMR,1980,0.74
813,Myanmar,MMR,1985,1.07
814,Myanmar,MMR,1990,2.14
815,Myanmar,MMR,1995,2.35
816,Myanmar,MMR,2000,2.94
817,Myanmar,MMR,2005,3.88
818,Myanmar,MMR,2010,5.15
819,Namibia,NAM,1970,0.92
820,Namibia,NAM,1975,0.97
821,Namibia,NAM,1980,1.02
822,Namibia,NAM,1985,1.17
823,Namibia,NAM,1990,1.29
824,Namibia,NAM,1995,1.24
825,Namibia,NAM,2000,1.25
826,Namibia,NAM,2005,0.94
827,Namibia,NAM,2010,0.76
828,Nepal,NPL,1970,0.16
829,Nepal,NPL,1975,0.39
830,Nepal,NPL,1980,0.6
831,Nepal,NPL,1985,1.41
832,Nepal,NPL,1990,2.12
833,Nepal,NPL,1995,2.1
834,Nepal,NPL,2000,1.81
835,Nepal,NPL,2005,1.76
836,Nepal,NPL,2010,1.75
837,Netherlands,NLD,1970,3.31
838,Netherlands,NLD,1975,4.79
839,Netherlands,NLD,1980,6.19
840,Netherlands,NLD,1985,7.84
841,Netherlands,NLD,1990,9.69
842,Netherlands,NLD,1995,11.38
843,Netherlands,NLD,2000,11.81
844,Netherlands,NLD,2005,13.63
845,Netherlands,NLD,2010,15.63
846,New Zealand,NZL,1970,6.72
847,New Zealand,NZL,1975,9.29
848,New Zealand,NZL,1980,12.47
849,New Zealand,NZL,1985,14.66
850,New Zealand,NZL,1990,16.71
851,New Zealand,NZL,1995,17.39
852,New Zealand,NZL,2000,17.86
853,New Zealand,NZL,2005,18.57
854,New Zealand,NZL,2010,15.5
855,Nicaragua,NIC,1970,5.18
856,Nicaragua,NIC,1975,6.02
857,Nicaragua,NIC,1980,7.73
858,Nicaragua,NIC,1985,8.14
859,Nicaragua,NIC,1990,8.16
860,Nicaragua,NIC,1995,8.37
861,Nicaragua,NIC,2000,9.28
862,Nicaragua,NIC,2005,9.32
863,Nicaragua,NIC,2010,10.33
864,Niger,NER,1970,0.1
865,Niger,NER,1975,0.13
866,Niger,NER,1980,0.16
867,Niger,NER,1985,0.23
868,Niger,NER,1990,0.29
869,Niger,NER,1995,0.36
870,Niger,NER,2000,0.42
871,Niger,NER,2005,0.47
872,Niger,NER,2010,0.51
873,Norway,NOR,1970,2.91
874,Norway,NOR,1975,3.31
875,Norway,NOR,1980,4.38
876,Norway,NOR,1985,5.55
877,Norway,NOR,1990,7.85
878,Norway,NOR,1995,8.81
879,Norway,NOR,2000,10.0
880,Norway,NOR,2005,11.14
881,Norway,NOR,2010,12.16
882,Pakistan,PAK,1970,1.16
883,Pakistan,PAK,1975,1.24
884,Pakistan,PAK,1980,1.48
885,Pakistan,PAK,1985,1.62
886,Pakistan,PAK,1990,1.92
887,Pakistan,PAK,1995,4.11
888,Pakistan,PAK,2000,6.09
889,Pakistan,PAK,2005,4.02
890,Pakistan,PAK,2010,4.43
891,Panama,PAN,1970,2.1
892,Panama,PAN,1975,2.98
893,Panama,PAN,1980,3.57
894,Panama,PAN,1985,4.71
895,Panama,PAN,1990,5.91
896,Panama,PAN,1995,8.82
897,Panama,PAN,2000,12.53
898,Panama,PAN,2005,13.51
899,Panama,PAN,2010,14.37
900,Papua New Guinea,PNG,1970,0.08
901,Papua New Guinea,PNG,1975,0.17
902,Papua New Guinea,PNG,1980,0.26
903,Papua New Guinea,PNG,1985,0.3
904,Papua New Guinea,PNG,1990,0.36
905,Papua New Guinea,PNG,1995,0.6
906,Papua New Guinea,PNG,2000,0.63
907,Papua New Guinea,PNG,2005,0.6
908,Papua New Guinea,PNG,2010,0.54
909,Paraguay,PRY,1970,1.18
910,Paraguay,PRY,1975,1.37
911,Paraguay,PRY,1980,1.97
912,Paraguay,PRY,1985,2.53
913,Paraguay,PRY,1990,3.36
914,Paraguay,PRY,1995,3.44
915,Paraguay,PRY,2000,3.74
916,Paraguay,PRY,2005,1.51
917,Paraguay,PRY,2010,3.88
918,Peru,PER,1970,3.05
919,Peru,PER,1975,5.07
920,Peru,PER,1980,6.93
921,Peru,PER,1985,9.71
922,Peru,PER,1990,13.79
923,Peru,PER,1995,15.53
924,Peru,PER,2000,20.54
925,Peru,PER,2005,24.37
926,Peru,PER,2010,12.27
927,Philippines,PHL,1970,7.75
928,Philippines,PHL,1975,6.14
929,Philippines,PHL,1980,8.24
930,Philippines,PHL,1985,7.13
931,Philippines,PHL,1990,6.73
932,Philippines,PHL,1995,6.71
933,Philippines,PHL,2000,6.55
934,Philippines,PHL,2005,5.94
935,Philippines,PHL,2010,5.48
936,Poland,POL,1970,2.74
937,Poland,POL,1975,2.87
938,Poland,POL,1980,2.6
939,Poland,POL,1985,3.52
940,Poland,POL,1990,3.41
941,Poland,POL,1995,5.47
942,Poland,POL,2000,6.16
943,Poland,POL,2005,9.78
944,Poland,POL,2010,11.37
945,Portugal,PRT,1970,0.65
946,Portugal,PRT,1975,1.06
947,Portugal,PRT,1980,1.36
948,Portugal,PRT,1985,2.19
949,Portugal,PRT,1990,2.88
950,Portugal,PRT,1995,3.77
951,Portugal,PRT,2000,4.28
952,Portugal,PRT,2005,3.04
953,Portugal,PRT,2010,3.26
954,Qatar,QAT,1970,5.63
955,Qatar,QAT,1975,5.9
956,Qatar,QAT,1980,6.49
957,Qatar,QAT,1985,7.15
958,Qatar,QAT,1990,7.82
959,Qatar,QAT,1995,8.37
960,Qatar,QAT,2000,9.8
961,Qatar,QAT,2005,10.55
962,Qatar,QAT,2010,10.05
963,Romania,ROU,1970,2.09
964,Romania,ROU,1975,2.23
965,Romania,ROU,1980,2.62
966,Romania,ROU,1985,3.05
967,Romania,ROU,1990,3.33
968,Romania,ROU,1995,4.23
969,Romania,ROU,2000,4.76
970,Romania,ROU,2005,6.31
971,Romania,ROU,2010,6.61
972,Russia,RUS,1970,2.36
973,Russia,RUS,1975,4.02
974,Russia,RUS,1980,6.18
975,Russia,RUS,1985,9.81
976,Russia,RUS,1990,12.99
977,Russia,RUS,1995,13.3
978,Russia,RUS,2000,19.31
979,Russia,RUS,2005,21.77
980,Russia,RUS,2010,24.74
981,Rwanda,RWA,1970,0.08
982,Rwanda,RWA,1975,0.1
983,Rwanda,RWA,1980,0.09
984,Rwanda,RWA,1985,0.1
985,Rwanda,RWA,1990,0.12
986,Rwanda,RWA,1995,0.14
987,Rwanda,RWA,2000,0.22
988,Rwanda,RWA,2005,0.33
989,Rwanda,RWA,2010,0.53
990,Saudi Arabia,SAU,1970,2.56
991,Saudi Arabia,SAU,1975,3.12
992,Saudi Arabia,SAU,1980,3.73
993,Saudi Arabia,SAU,1985,4.71
994,Saudi Arabia,SAU,1990,5.45
995,Saudi Arabia,SAU,1995,6.15
996,Saudi Arabia,SAU,2000,6.91
997,Saudi Arabia,SAU,2005,6.5
998,Saudi Arabia,SAU,2010,6.67
999,Senegal,SEN,1970,0.31
1000,Senegal,SEN,1975,0.43
1001,Senegal,SEN,1980,0.57
1002,Senegal,SEN,1985,0.68
1003,Senegal,SEN,1990,0.74
1004,Senegal,SEN,1995,0.72
1005,Senegal,SEN,2000,0.53
1006,Senegal,SEN,2005,0.29
1007,Senegal,SEN,2010,1.25
1008,Serbia,SRB,1970,1.79
1009,Serbia,SRB,1975,2.77
1010,Serbia,SRB,1980,3.21
1011,Serbia,SRB,1985,4.06
1012,Serbia,SRB,1990,4.35
1013,Serbia,SRB,1995,6.1
1014,Serbia,SRB,2000,6.79
1015,Serbia,SRB,2005,8.47
1016,Serbia,SRB,2010,8.97
1017,Sierra Leone,SLE,1970,0.16
1018,Sierra Leone,SLE,1975,0.18
1019,Sierra Leone,SLE,1980,0.19
1020,Sierra Leone,SLE,1985,0.33
1021,Sierra Leone,SLE,1990,0.38
1022,Sierra Leone,SLE,1995,0.45
1023,Sierra Leone,SLE,2000,0.55
1024,Sierra Leone,SLE,2005,0.67
1025,Sierra Leone,SLE,2010,1.22
1026,Singapore,SGP,1970,1.33
1027,Singapore,SGP,1975,2.03
1028,Singapore,SGP,1980,2.44
1029,Singapore,SGP,1985,2.73
1030,Singapore,SGP,1990,2.6
1031,Singapore,SGP,1995,8.85
1032,Singapore,SGP,2000,13.79
1033,Singapore,SGP,2005,13.7
1034,Singapore,SGP,2010,29.71
1035,Slovakia,SVK,1970,1.7
1036,Slovakia,SVK,1975,2.41
1037,Slovakia,SVK,1980,2.56
1038,Slovakia,SVK,1985,3.71
1039,Slovakia,SVK,1990,3.95
1040,Slovakia,SVK,1995,5.01
1041,Slovakia,SVK,2000,4.69
1042,Slovakia,SVK,2005,7.27
1043,Slovakia,SVK,2010,8.76
1044,Slovenia,SVN,1970,1.84
1045,Slovenia,SVN,1975,2.86
1046,Slovenia,SVN,1980,3.36
1047,Slovenia,SVN,1985,4.76
1048,Slovenia,SVN,1990,5.45
1049,Slovenia,SVN,1995,7.22
1050,Slovenia,SVN,2000,7.99
1051,Slovenia,SVN,2005,10.68
1052,Slovenia,SVN,2010,13.25
1053,South Africa,ZAF,1970,0.33
1054,South Africa,ZAF,1975,0.21
1055,South Africa,ZAF,1980,0.16
1056,South Africa,ZAF,1985,0.16
1057,South Africa,ZAF,1990,0.42
1058,South Africa,ZAF,1995,0.53
1059,South Africa,ZAF,2000,0.53
1060,South Africa,ZAF,2005,0.36
1061,South Africa,ZAF,2010,0.32
1062,South Korea,KOR,1970,3.16
1063,South Korea,KOR,1975,3.47
1064,South Korea,KOR,1980,4.76
1065,South Korea,KOR,1985,7.18
1066,South Korea,KOR,1990,9.4
1067,South Korea,KOR,1995,12.9
1068,South Korea,KOR,2000,19.08
1069,South Korea,KOR,2005,22.09
1070,South Korea,KOR,2010,30.04
1071,Spain,ESP,1970,2.28
1072,Spain,ESP,1975,3.3
1073,Spain,ESP,1980,4.59
1074,Spain,ESP,1985,4.57
1075,Spain,ESP,1990,4.23
1076,Spain,ESP,1995,8.01
1077,Spain,ESP,2000,10.69
1078,Spain,ESP,2005,13.53
1079,Spain,ESP,2010,14.96
1080,Sri Lanka,LKA,1970,0.63
1081,Sri Lanka,LKA,1975,0.55
1082,Sri Lanka,LKA,1980,0.42
1083,Sri Lanka,LKA,1985,1.56
1084,Sri Lanka,LKA,1990,3.15
1085,Sri Lanka,LKA,1995,5.25
1086,Sri Lanka,LKA,2000,7.65
1087,Sri Lanka,LKA,2005,8.6
1088,Sri Lanka,LKA,2010,8.51
1089,Sudan,SDN,1970,0.38
1090,Sudan,SDN,1975,0.41
1091,Sudan,SDN,1980,0.38
1092,Sudan,SDN,1985,0.3
1093,Sudan,SDN,1990,0.38
1094,Sudan,SDN,1995,0.54
1095,Sudan,SDN,2000,0.87
1096,Sudan,SDN,2005,1.24
1097,Sudan,SDN,2010,1.87
1098,Sweden,SWE,1970,3.75
1099,Sweden,SWE,1975,6.39
1100,Sweden,SWE,1980,7.88
1101,Sweden,SWE,1985,9.13
1102,Sweden,SWE,1990,10.61
1103,Sweden,SWE,1995,11.6
1104,Sweden,SWE,2000,13.51
1105,Sweden,SWE,2005,14.32
1106,Sweden,SWE,2010,14.93
1107,Switzerland,CHE,1970,5.52
1108,Switzerland,CHE,1975,5.77
1109,Switzerland,CHE,1980,6.07
1110,Switzerland,CHE,1985,7.23
1111,Switzerland,CHE,1990,8.77
1112,Switzerland,CHE,1995,9.83
1113,Switzerland,CHE,2000,10.02
1114,Switzerland,CHE,2005,12.8
1115,Switzerland,CHE,2010,17.88
1116,Syria,SYR,1970,0.48
1117,Syria,SYR,1975,0.91
1118,Syria,SYR,1980,1.6
1119,Syria,SYR,1985,2.06
1120,Syria,SYR,1990,2.36
1121,Syria,SYR,1995,2.27
1122,Syria,SYR,2000,1.9
1123,Syria,SYR,2005,2.33
1124,Syria,SYR,2010,2.55
1125,Tajikistan,TJK,1970,3.55
1126,Tajikistan,TJK,1975,4.1
1127,Tajikistan,TJK,1980,4.8
1128,Tajikistan,TJK,1985,4.97
1129,Tajikistan,TJK,1990,4.78
1130,Tajikistan,TJK,1995,4.85
1131,Tajikistan,TJK,2000,4.1
1132,Tajikistan,TJK,2005,3.7
1133,Tajikistan,TJK,2010,3.74
1134,Tanzania,TZA,1970,0.14
1135,Tanzania,TZA,1975,0.18
1136,Tanzania,TZA,1980,0.24
1137,Tanzania,TZA,1985,0.3
1138,Tanzania,TZA,1990,0.34
1139,Tanzania,TZA,1995,0.4
1140,Tanzania,TZA,2000,0.37
1141,Tanzania,TZA,2005,0.34
1142,Tanzania,TZA,2010,0.36
1143,Thailand,THA,1970,0.66
1144,Thailand,THA,1975,1.41
1145,Thailand,THA,1980,2.78
1146,Thailand,THA,1985,3.65
1147,Thailand,THA,1990,4.86
1148,Thailand,THA,1995,3.92
1149,Thailand,THA,2000,4.62
1150,Thailand,THA,2005,9.02
1151,Thailand,THA,2010,10.47
1152,Togo,TGO,1970,0.06
1153,Togo,TGO,1975,0.39
1154,Togo,TGO,1980,0.67
1155,Togo,TGO,1985,0.76
1156,Togo,TGO,1990,0.83
1157,Togo,TGO,1995,0.9
1158,Togo,TGO,2000,1.05
1159,Togo,TGO,2005,1.29
1160,Togo,TGO,2010,1.51
1161,Tonga,TON,1970,0.91
1162,Tonga,TON,1975,1.05
1163,Tonga,TON,1980,1.19
1164,Tonga,TON,1985,1.2
1165,Tonga,TON,1990,2.47
1166,Tonga,TON,1995,3.28
1167,Tonga,TON,2000,4.55
1168,Tonga,TON,2005,5.69
1169,Tonga,TON,2010,2.91
1170,Trinidad and Tobago,TTO,1970,0.57
1171,Trinidad and Tobago,TTO,1975,1.1
1172,Trinidad and Tobago,TTO,1980,1.59
1173,Trinidad and Tobago,TTO,1985,1.66
1174,Trinidad and Tobago,TTO,1990,1.9
1175,Trinidad and Tobago,TTO,1995,2.65
1176,Trinidad and Tobago,TTO,2000,3.28
1177,Trinidad and Tobago,TTO,2005,4.72
1178,Trinidad and Tobago,TTO,2010,6.48
1179,Tunisia,TUN,1970,0.53
1180,Tunisia,TUN,1975,0.54
1181,Tunisia,TUN,1980,0.93
1182,Tunisia,TUN,1985,1.38
1183,Tunisia,TUN,1990,2.05
1184,Tunisia,TUN,1995,2.48
1185,Tunisia,TUN,2000,3.77
1186,Tunisia,TUN,2005,5.71
1187,Tunisia,TUN,2010,7.38
1188,Turkey,TUR,1970,0.74
1189,Turkey,TUR,1975,0.73
1190,Turkey,TUR,1980,1.58
1191,Turkey,TUR,1985,6.24
1192,Turkey,TUR,1990,5.78
1193,Turkey,TUR,1995,5.31
1194,Turkey,TUR,2000,4.91
1195,Turkey,TUR,2005,4.21
1196,Turkey,TUR,2010,5.28
1197,Uganda,UGA,1970,0.07
1198,Uganda,UGA,1975,0.11
1199,Uganda,UGA,1980,0.15
1200,Uganda,UGA,1985,0.19
1201,Uganda,UGA,1990,0.19
1202,Uganda,UGA,1995,1.26
1203,Uganda,UGA,2000,1.75
1204,Uganda,UGA,2005,1.56
1205,Uganda,UGA,2010,1.23
1206,Ukraine,UKR,1970,3.12
1207,Ukraine,UKR,1975,4.4
1208,Ukraine,UKR,1980,6.14
1209,Ukraine,UKR,1985,9.41
1210,Ukraine,UKR,1990,12.36
1211,Ukraine,UKR,1995,16.55
1212,Ukraine,UKR,2000,20.43
1213,Ukraine,UKR,2005,22.33
1214,Ukraine,UKR,2010,24.55
1215,United Arab Emirates,ARE,1970,2.55
1216,United Arab Emirates,ARE,1975,2.5
1217,United Arab Emirates,ARE,1980,3.21
1218,United Arab Emirates,ARE,1985,4.75
1219,United Arab Emirates,ARE,1990,6.42
1220,United Arab Emirates,ARE,1995,8.66
1221,United Arab Emirates,ARE,2000,9.7
1222,United Arab Emirates,ARE,2005,9.01
1223,United Arab Emirates,ARE,2010,8.54
1224,United Kingdom,GBR,1970,4.42
1225,United Kingdom,GBR,1975,5.53
1226,United Kingdom,GBR,1980,5.5
1227,United Kingdom,GBR,1985,6.22
1228,United Kingdom,GBR,1990,9.0
1229,United Kingdom,GBR,1995,11.1
1230,United Kingdom,GBR,2000,12.83
1231,United Kingdom,GBR,2005,13.77
1232,United Kingdom,GBR,2010,15.31
1233,United States of America,USA,1970,11.39
1234,United States of America,USA,1975,13.3
1235,United States of America,USA,1980,16.74
1236,United States of America,USA,1985,18.51
1237,United States of America,USA,1990,20.71
1238,United States of America,USA,1995,20.4
1239,United States of America,USA,2000,22.97
1240,United States of America,USA,2005,22.39
1241,United States of America,USA,2010,26.76
1242,Uruguay,URY,1970,1.54
1243,Uruguay,URY,1975,2.13
1244,Uruguay,URY,1980,2.65
1245,Uruguay,URY,1985,3.38
1246,Uruguay,URY,1990,4.22
1247,Uruguay,URY,1995,5.46
1248,Uruguay,URY,2000,4.5
1249,Uruguay,URY,2005,3.67
1250,Uruguay,URY,2010,3.5
1251,Venezuela,VEN,1970,1.01
1252,Venezuela,VEN,1975,1.77
1253,Venezuela,VEN,1980,2.45
1254,Venezuela,VEN,1985,2.49
1255,Venezuela,VEN,1990,2.43
1256,Venezuela,VEN,1995,2.52
1257,Venezuela,VEN,2000,2.7
1258,Venezuela,VEN,2005,2.97
1259,Venezuela,VEN,2010,2.96
1260,Vietnam,VNM,1970,0.44
1261,Vietnam,VNM,1975,0.5
1262,Vietnam,VNM,1980,0.46
1263,Vietnam,VNM,1985,0.88
1264,Vietnam,VNM,1990,1.02
1265,Vietnam,VNM,1995,1.56
1266,Vietnam,VNM,2000,2.21
1267,Vietnam,VNM,2005,2.99
1268,Vietnam,VNM,2010,3.27
1269,Yemen,YEM,1970,0.02
1270,Yemen,YEM,1975,0.05
1271,Yemen,YEM,1980,0.07
1272,Yemen,YEM,1985,0.21
1273,Yemen,YEM,1990,0.4
1274,Yemen,YEM,1995,0.72
1275,Yemen,YEM,2000,0.94
1276,Yemen,YEM,2005,1.21
1277,Yemen,YEM,2010,1.5
1278,Zambia,ZMB,1970,0.2
1279,Zambia,ZMB,1975,0.21
1280,Zambia,ZMB,1980,0.15
1281,Zambia,ZMB,1985,0.16
1282,Zambia,ZMB,1990,0.12
1283,Zambia,ZMB,1995,0.79
1284,Zambia,ZMB,2000,0.77
1285,Zambia,ZMB,2005,0.61
1286,Zambia,ZMB,2010,0.49
1287,Zimbabwe,ZWE,1970,1.08
1288,Zimbabwe,ZWE,1975,1.29
1289,Zimbabwe,ZWE,1980,1.61
1290,Zimbabwe,ZWE,1985,2.01
1291,Zimbabwe,ZWE,1990,1.83
1292,Zimbabwe,ZWE,1995,1.32
1293,Zimbabwe,ZWE,2000,0.53
1294,Zimbabwe,ZWE,2005,0.44
1295,Zimbabwe,ZWE,2010,0.38
